[
  { "name": "Acre", "name_prefix": "Estado do", "subdivision": "AC" },
  { "name": "Alagoas", "name_prefix": "Estado de", "subdivision": "AL" },
  { "name": "Amazonas", "name_prefix": "Estado do", "subdivision": "AM" },
  { "name": "Amapá", "name_prefix": "Estado do", "subdivision": "AP" },
  { "name": "Bahia", "name_prefix": "Estado da", "subdivision": "BA" },
  { "name": "Ceará", "name_prefix": "Estado do", "subdivision": "CE" },
  { "name": "Distrito Federal", "name_prefix": "", "subdivision": "DF" },
  { "name": "Espírito Santo", "name_prefix": "Estado do", "subdivision": "ES" },
  { "name": "Goiás", "name_prefix": "Estado de", "subdivision": "GO" },
  { "name": "Maranhão", "name_prefix": "Estado do", "subdivision": "MA" },
  { "name": "Minas Gerais", "name_prefix": "Estado de", "subdivision": "MG" },
  { "name": "Mato Grosso do Sul", "name_prefix": "Estado do", "subdivision": "MS" },
  { "name": "Mato Grosso", "name_prefix": "Estado do", "subdivision": "MT" },
  { "name": "Pará", "name_prefix": "Estado do", "subdivision": "PA" },
  { "name": "Paraíba", "name_prefix": "Estado da", "subdivision": "PB" },
  { "name": "Pernambuco", "name_prefix": "Estado de", "subdivision": "PE" },
  { "name": "Piauí", "name_prefix": "Estado do", "subdivision": "PI" },
  { "name": "Paraná", "name_prefix": "Estado do", "subdivision": "PR" },
  { "name": "Rio de Janeiro", "name_prefix": "Estado do", "subdivision": "RJ" },
  { "name": "Rio Grande do Norte", "name_prefix": "Estado do", "subdivision": "RN" },
  { "name": "Rondônia", "name_prefix": "Estado de", "subdivision": "RO" },
  { "name": "Roraima", "name_prefix": "Estado de", "subdivision": "RR" },
  { "name": "Rio Grande do Sul", "name_prefix": "Estado do", "subdivision": "RS" },
  { "name": "Santa Catarina", "name_prefix": "Estado de", "subdivision": "SC" },
  { "name": "Sergipe", "name_prefix": "Estado do", "subdivision": "SE" },
  { "name": "São Paulo", "name_prefix": "Estado de", "subdivision": "SP" },
  { "name": "Tocantins", "name_prefix": "Estado de", "subdivision": "TO" },
  { "name": "Fernando de Noronha", "name_prefix": "Território de", "subdivision": "FN" },
  { "name": "Guanabara", "name_prefix": "Estado da", "subdivision": "GB" },
  { "name": "Guaporé", "name_prefix": "Território do", "subdivision": "GU" },
  { "name": "Iguaçu", "name_prefix": "Estado de", "subdivision": "IG" },
  { "name": "Ponta Porã", "name_prefix": "Território de", "subdivision": "PP" },
  { "name": "Rio Branco", "name_prefix": "Território de", "subdivision": "RB" }
]
